Workbook

Sheet Read Me
A1: ABK Integration Team Tracker
A2: ABK Integration Team tracker: projects, tasks (yours and the team's), team workload and a release log. Single source for the team's IBM ACE / MQ work.
A4: How it fits together
A5: Projects | B5: One row per project. Task counts and % complete are calculated from the Tasks sheet by Project ID.
A6: Tasks | B6: One row per task, yours and the team's. Assigned To = the name in Lists!K4 marks a task as yours. Filter column F to see one person's list.
A7: Team | B7: One row per person. Open / blocked / overdue counts are calculated from Tasks. Add people here first so they appear in the Assigned To dropdown.
A8: Releases | B8: Append-only log of which BAR / version went to which environment. No formulas.
A9: Dashboard | B9: All formulas. Nothing to type. Shows projects by status and RAG, tasks by status split mine vs team, attention signals, team workload, project health.
A10: Lists | B10: Dropdown vocab and two settings: your name (K4) and the 'due soon' window in days (K5).
A12: Colour legend
A13: White cells | B13: Type here. Dropdowns are enforced; edit the Lists sheet to add values.
A14: Grey cells | B14: Formulas. Do not overwrite. If you paste over one, copy it down again from a neighbouring row.
A15: Yellow cells (Lists) | B15: Settings you are expected to change.
A16: Red / amber / green | B16: Automatic: Overdue, Blocked, RAG, Critical priority, due-soon highlights.
A18: Daily routine
A19: 1 | B19: Open Dashboard. Anything red in 'Needs attention' is today's list.
A20: 2 | B20: Update Status, Last Update and Blocker on the Tasks sheet. Set Completed when a task is Done.
A21: 3 | B21: New task: add a row at the bottom of Tasks; give it the next TSK number and a Project ID from the dropdown. Formulas in C, L, M are pre-filled to row 504.
A22: 4 | B22: Weekly: update RAG and Next Milestone on Projects.
A24: Limits and assumptions
A25: Capacity | B25: Formulas cover 200 projects, 500 tasks, 50 team members, 500 releases. Copy the formula rows down to extend.
A26: Sample data | B26: Rows marked 'Sample row - replace' on Projects, Tasks, Team, Releases are placeholders showing the expected format. Delete them before real use.
A27: Dates | B27: Days Left and Overdue use TODAY(); they change every time the file is opened. Excel needs automatic calculation on (Formulas > Calculation Options).
A28: Ownership | B28: Assumes this workbook is the only tracker. If the team logs work in Jira / ServiceNow / ADO, keep only projects and milestones here or it will drift.
A29: Effort | B29: No estimated / actual hours by design. Add columns to Tasks if you need effort reporting.
A30: Sharing | B30: No sheet protection, so it can sit on SharePoint / OneDrive and be updated by the team. Grey columns are the ones to keep hands off.

Sheet Dashboard
A1: ABK Integration Team Dashboard
A2: Everything on this sheet is calculated. Update Projects, Tasks and Team; this refreshes on recalc (F9 in Excel if calc is manual).
A3: As of | B3: =TODAY() -> 46279 | D3: Tracking for | E3: =Lists!$K$4 -> Phani
A5: Projects by status | G5: Tasks by status
A6: Status | B6: Count | C6: Green | D6: Amber | E6: Red | G6: Status | H6: Mine | I6: Team | J6: Total | K6: Overdue
A7: Initiation | B7: =COUNTIF(Projects!$F$5:$F$204,$A7) -> 1 | C7: =COUNTIFS(Projects!$F$5:$F$204,$A7,Projects!$J$5:$J$204,"Green") -> 1 | D7: =COUNTIFS(Projects!$F$5:$F$204,$A7,Projects!$J$5:$J$204,"Amber") -> 0 | E7: =COUNTIFS(Projects!$F$5:$F$204,$A7,Projects!$J$5:$J$204,"Red") -> 0 | G7: Not Started | H7: =COUNTIFS(Tasks!$H$5:$H$504,$G7,Tasks!$F$5:$F$504,Lists!$K$4) -> 3 | I7: =COUNTIF(Tasks!$H$5:$H$504,$G7)-H7 -> 0 | J7: =H7+I7 -> 3 | K7: =COUNTIFS(Tasks!$H$5:$H$504,$G7,Tasks!$M$5:$M$504,"OVERDUE") -> 0
A8: In Progress | B8: =COUNTIF(Projects!$F$5:$F$204,$A8) -> 1 | C8: =COUNTIFS(Projects!$F$5:$F$204,$A8,Projects!$J$5:$J$204,"Green") -> 0 | D8: =COUNTIFS(Projects!$F$5:$F$204,$A8,Projects!$J$5:$J$204,"Amber") -> 1 | E8: =COUNTIFS(Projects!$F$5:$F$204,$A8,Projects!$J$5:$J$204,"Red") -> 0 | G8: In Progress | H8: =COUNTIFS(Tasks!$H$5:$H$504,$G8,Tasks!$F$5:$F$504,Lists!$K$4) -> 1 | I8: =COUNTIF(Tasks!$H$5:$H$504,$G8)-H8 -> 3 | J8: =H8+I8 -> 4 | K8: =COUNTIFS(Tasks!$H$5:$H$504,$G8,Tasks!$M$5:$M$504,"OVERDUE") -> 0
A9: On Hold | B9: =COUNTIF(Projects!$F$5:$F$204,$A9) -> 1 | C9: =COUNTIFS(Projects!$F$5:$F$204,$A9,Projects!$J$5:$J$204,"Green") -> 0 | D9: =COUNTIFS(Projects!$F$5:$F$204,$A9,Projects!$J$5:$J$204,"Amber") -> 0 | E9: =COUNTIFS(Projects!$F$5:$F$204,$A9,Projects!$J$5:$J$204,"Red") -> 1 | G9: On Hold | H9: =COUNTIFS(Tasks!$H$5:$H$504,$G9,Tasks!$F$5:$F$504,Lists!$K$4) -> 0 | I9: =COUNTIF(Tasks!$H$5:$H$504,$G9)-H9 -> 1 | J9: =H9+I9 -> 1 | K9: =COUNTIFS(Tasks!$H$5:$H$504,$G9,Tasks!$M$5:$M$504,"OVERDUE") -> 0
A10: UAT | B10: =COUNTIF(Projects!$F$5:$F$204,$A10) -> 1 | C10: =COUNTIFS(Projects!$F$5:$F$204,$A10,Projects!$J$5:$J$204,"Green") -> 1 | D10: =COUNTIFS(Projects!$F$5:$F$204,$A10,Projects!$J$5:$J$204,"Amber") -> 0 | E10: =COUNTIFS(Projects!$F$5:$F$204,$A10,Projects!$J$5:$J$204,"Red") -> 0 | G10: Blocked | H10: =COUNTIFS(Tasks!$H$5:$H$504,$G10,Tasks!$F$5:$F$504,Lists!$K$4) -> 1 | I10: =COUNTIF(Tasks!$H$5:$H$504,$G10)-H10 -> 1 | J10: =H10+I10 -> 2 | K10: =COUNTIFS(Tasks!$H$5:$H$504,$G10,Tasks!$M$5:$M$504,"OVERDUE") -> 2
A11: Go-Live | B11: =COUNTIF(Projects!$F$5:$F$204,$A11) -> 0 | C11: =COUNTIFS(Projects!$F$5:$F$204,$A11,Projects!$J$5:$J$204,"Green") -> 0 | D11: =COUNTIFS(Projects!$F$5:$F$204,$A11,Projects!$J$5:$J$204,"Amber") -> 0 | E11: =COUNTIFS(Projects!$F$5:$F$204,$A11,Projects!$J$5:$J$204,"Red") -> 0 | G11: Done | H11: =COUNTIFS(Tasks!$H$5:$H$504,$G11,Tasks!$F$5:$F$504,Lists!$K$4) -> 0 | I11: =COUNTIF(Tasks!$H$5:$H$504,$G11)-H11 -> 3 | J11: =H11+I11 -> 3 | K11: =COUNTIFS(Tasks!$H$5:$H$504,$G11,Tasks!$M$5:$M$504,"OVERDUE") -> 0
A12: Closed | B12: =COUNTIF(Projects!$F$5:$F$204,$A12) -> 0 | C12: =COUNTIFS(Projects!$F$5:$F$204,$A12,Projects!$J$5:$J$204,"Green") -> 0 | D12: =COUNTIFS(Projects!$F$5:$F$204,$A12,Projects!$J$5:$J$204,"Amber") -> 0 | E12: =COUNTIFS(Projects!$F$5:$F$204,$A12,Projects!$J$5:$J$204,"Red") -> 0 | G12: Cancelled | H12: =COUNTIFS(Tasks!$H$5:$H$504,$G12,Tasks!$F$5:$F$504,Lists!$K$4) -> 0 | I12: =COUNTIF(Tasks!$H$5:$H$504,$G12)-H12 -> 0 | J12: =H12+I12 -> 0 | K12: =COUNTIFS(Tasks!$H$5:$H$504,$G12,Tasks!$M$5:$M$504,"OVERDUE") -> 0
A13: Total | B13: =COUNTA(Projects!$A$5:$A$204) -> 4 | C13: =COUNTIF(Projects!$J$5:$J$204,"Green") -> 2 | D13: =COUNTIF(Projects!$J$5:$J$204,"Amber") -> 1 | E13: =COUNTIF(Projects!$J$5:$J$204,"Red") -> 1 | G13: Total | H13: =SUM(H7:H12) -> 5 | I13: =SUM(I7:I12) -> 8 | J13: =SUM(J7:J12) -> 13 | K13: =SUM(K7:K12) -> 2
A15: Needs attention | G15: Team workload
A16: Signal | B16: Mine | C16: Team | D16: Total | G16: Name | H16: Open | I16: In Progress | J16: Blocked | K16: Overdue
A17: Overdue tasks | B17: =COUNTIFS(Tasks!$M$5:$M$504,"OVERDUE",Tasks!$F$5:$F$504,Lists!$K$4) -> 1 | C17: =COUNTIF(Tasks!$M$5:$M$504,"OVERDUE")-B17 -> 1 | D17: =SUM(B17:C17) -> 2 | G17: =IF(Team!$A5="","",Team!$A5) -> Phani | H17: =IF(Team!$A5="","",Team!$F5) -> 5 | I17: =IF(Team!$A5="","",Team!$G5) -> 1 | J17: =IF(Team!$A5="","",Team!$H5) -> 1 | K17: =IF(Team!$A5="","",Team!$I5) -> 1
A18: Due within window (Lists!K5 days) | B18: =COUNTIFS(Tasks!$H$5:$H$504,"<>Done",Tasks!$H$5:$H$504,"<>Cancelled",Tasks!$J$5:$J$504,">="&TODAY(),Tasks!$J$5:$J$504,"<="&TODAY()+Lists!$K$5,Tasks!$F$5:$F$504,Lists!$K$4) -> 3 | C18: =COUNTIFS(Tasks!$H$5:$H$504,"<>Done",Tasks!$H$5:$H$504,"<>Cancelled",Tasks!$J$5:$J$504,">="&TODAY(),Tasks!$J$5:$J$504,"<="&TODAY()+Lists!$K$5)-B18 -> 1 | D18: =SUM(B18:C18) -> 4 | G18: =IF(Team!$A6="","",Team!$A6) -> Ravi Kumar | H18: =IF(Team!$A6="","",Team!$F6) -> 0 | I18: =IF(Team!$A6="","",Team!$G6) -> 0 | J18: =IF(Team!$A6="","",Team!$H6) -> 0 | K18: =IF(Team!$A6="","",Team!$I6) -> 0
A19: Blocked tasks | B19: =COUNTIFS(Tasks!$H$5:$H$504,"Blocked",Tasks!$F$5:$F$504,Lists!$K$4) -> 1 | C19: =COUNTIF(Tasks!$H$5:$H$504,"Blocked")-B19 -> 1 | D19: =SUM(B19:C19) -> 2 | G19: =IF(Team!$A7="","",Team!$A7) -> Priya Nair | H19: =IF(Team!$A7="","",Team!$F7) -> 2 | I19: =IF(Team!$A7="","",Team!$G7) -> 0 | J19: =IF(Team!$A7="","",Team!$H7) -> 1 | K19: =IF(Team!$A7="","",Team!$I7) -> 1
A20: Open Critical / High tasks | B20: =COUNTIFS(Tasks!$H$5:$H$504,"<>Done",Tasks!$H$5:$H$504,"<>Cancelled",Tasks!$G$5:$G$504,"Critical",Tasks!$F$5:$F$504,Lists!$K$4)+COUNTIFS(Tasks!$H$5:$H$504,"<>Done",Tasks!$H$5:$H$504,"<>Cancelled",Tasks!$G$5:$G$504,"High",Tasks!$F$5:$F$504,Lists!$K$4) -> 3 | C20: =COUNTIFS(Tasks!$H$5:$H$504,"<>Done",Tasks!$H$5:$H$504,"<>Cancelled",Tasks!$G$5:$G$504,"Critical")+COUNTIFS(Tasks!$H$5:$H$504,"<>Done",Tasks!$H$5:$H$504,"<>Cancelled",Tasks!$G$5:$G$504,"High")-B20 -> 2 | D20: =SUM(B20:C20) -> 5 | G20: =IF(Team!$A8="","",Team!$A8) -> Suresh Babu | H20: =IF(Team!$A8="","",Team!$F8) -> 1 | I20: =IF(Team!$A8="","",Team!$G8) -> 1 | J20: =IF(Team!$A8="","",Team!$H8) -> 0 | K20: =IF(Team!$A8="","",Team!$I8) -> 0
A21: Open tasks with no due date | B21: =COUNTIFS(Tasks!$H$5:$H$504,"<>Done",Tasks!$H$5:$H$504,"<>Cancelled",Tasks!$J$5:$J$504,"",Tasks!$F$5:$F$504,Lists!$K$4,Tasks!$A$5:$A$504,"<>") -> 0 | C21: =COUNTIFS(Tasks!$H$5:$H$504,"<>Done",Tasks!$H$5:$H$504,"<>Cancelled",Tasks!$J$5:$J$504,"",Tasks!$A$5:$A$504,"<>")-B21 -> 0 | D21: =SUM(B21:C21) -> 0 | G21: =IF(Team!$A9="","",Team!$A9) -> Anita Rao | H21: =IF(Team!$A9="","",Team!$F9) -> 2 | I21: =IF(Team!$A9="","",Team!$G9) -> 2 | J21: =IF(Team!$A9="","",Team!$H9) -> 0 | K21: =IF(Team!$A9="","",Team!$I9) -> 0
A22: Open tasks with no owner | C22: =COUNTIFS(Tasks!$H$5:$H$504,"<>Done",Tasks!$H$5:$H$504,"<>Cancelled",Tasks!$F$5:$F$504,"",Tasks!$A$5:$A$504,"<>") -> 0 | D22: =SUM(B22:C22) -> 0 | G22: =IF(Team!$A10="","",Team!$A10) | H22: =IF(Team!$A10="","",Team!$F10) | I22: =IF(Team!$A10="","",Team!$G10) | J22: =IF(Team!$A10="","",Team!$H10) | K22: =IF(Team!$A10="","",Team!$I10)
G23: =IF(Team!$A11="","",Team!$A11) | H23: =IF(Team!$A11="","",Team!$F11) | I23: =IF(Team!$A11="","",Team!$G11) | J23: =IF(Team!$A11="","",Team!$H11) | K23: =IF(Team!$A11="","",Team!$I11)
G24: =IF(Team!$A12="","",Team!$A12) | H24: =IF(Team!$A12="","",Team!$F12) | I24: =IF(Team!$A12="","",Team!$G12) | J24: =IF(Team!$A12="","",Team!$H12) | K24: =IF(Team!$A12="","",Team!$I12)
G25: =IF(Team!$A13="","",Team!$A13) | H25: =IF(Team!$A13="","",Team!$F13) | I25: =IF(Team!$A13="","",Team!$G13) | J25: =IF(Team!$A13="","",Team!$H13) | K25: =IF(Team!$A13="","",Team!$I13)
G26: =IF(Team!$A14="","",Team!$A14) | H26: =IF(Team!$A14="","",Team!$F14) | I26: =IF(Team!$A14="","",Team!$G14) | J26: =IF(Team!$A14="","",Team!$H14) | K26: =IF(Team!$A14="","",Team!$I14)
G27: Shows the first 10 rows of the Team sheet; see Team for the full list.
A29: Project health (first 10 projects; see Projects sheet for all)
A30: Project ID | B30: Status | C30: RAG | D30: Open | E30: Overdue | G30: Project name | H30: Lead | I30: Target Go-Live | J30: Days to Go-Live | K30: % Complete
A31: =IF(Projects!$A5="","",Projects!$A5) -> PRJ-001 | B31: =IF(Projects!$A5="","",Projects!$F5) -> In Progress | C31: =IF(Projects!$A5="","",Projects!$J5) -> Amber | D31: =IF(Projects!$A5="","",Projects!$M5) -> 3 | E31: =IF(Projects!$A5="","",Projects!$N5) -> 1 | G31: =IF(Projects!$A5="","",Projects!$B5) -> SAP to Salesforce order sync (ACE 12) | H31: =IF(Projects!$A5="","",Projects!$G5) -> Phani | I31: =IF(Projects!$A5="","",Projects!$I5) -> 46314 | J31: =IF(OR(Projects!$A5="",Projects!$I5="",Projects!$F5="Closed"),"",Projects!$I5-TODAY()) -> 35 | K31: =IF(Projects!$A5="","",Projects!$O5) -> 0.25
A32: =IF(Projects!$A6="","",Projects!$A6) -> PRJ-002 | B32: =IF(Projects!$A6="","",Projects!$F6) -> UAT | C32: =IF(Projects!$A6="","",Projects!$J6) -> Green | D32: =IF(Projects!$A6="","",Projects!$M6) -> 2 | E32: =IF(Projects!$A6="","",Projects!$N6) -> 0 | G32: =IF(Projects!$A6="","",Projects!$B6) -> ACE 12.0.12 fixpack rollout on AIX 7.3 | H32: =IF(Projects!$A6="","",Projects!$G6) -> Phani | I32: =IF(Projects!$A6="","",Projects!$I6) -> 46293 | J32: =IF(OR(Projects!$A6="",Projects!$I6="",Projects!$F6="Closed"),"",Projects!$I6-TODAY()) -> 14 | K32: =IF(Projects!$A6="","",Projects!$O6) -> 0.5
A33: =IF(Projects!$A7="","",Projects!$A7) -> PRJ-003 | B33: =IF(Projects!$A7="","",Projects!$F7) -> Initiation | C33: =IF(Projects!$A7="","",Projects!$J7) -> Green | D33: =IF(Projects!$A7="","",Projects!$M7) -> 2 | E33: =IF(Projects!$A7="","",Projects!$N7) -> 0 | G33: =IF(Projects!$A7="","",Projects!$B7) -> MQ cluster consolidation (QM03/QM04) | H33: =IF(Projects!$A7="","",Projects!$G7) -> Suresh Babu | I33: =IF(Projects!$A7="","",Projects!$I7) -> 46369 | J33: =IF(OR(Projects!$A7="",Projects!$I7="",Projects!$F7="Closed"),"",Projects!$I7-TODAY()) -> 90 | K33: =IF(Projects!$A7="","",Projects!$O7) -> 0
A34: =IF(Projects!$A8="","",Projects!$A8) -> PRJ-004 | B34: =IF(Projects!$A8="","",Projects!$F8) -> On Hold | C34: =IF(Projects!$A8="","",Projects!$J8) -> Red | D34: =IF(Projects!$A8="","",Projects!$M8) -> 2 | E34: =IF(Projects!$A8="","",Projects!$N8) -> 1 | G34: =IF(Projects!$A8="","",Projects!$B8) -> Payments REST API via NGINX gateway | H34: =IF(Projects!$A8="","",Projects!$G8) -> Phani | I34: =IF(Projects!$A8="","",Projects!$I8) -> 46339 | J34: =IF(OR(Projects!$A8="",Projects!$I8="",Projects!$F8="Closed"),"",Projects!$I8-TODAY()) -> 60 | K34: =IF(Projects!$A8="","",Projects!$O8) -> 0
A35: =IF(Projects!$A9="","",Projects!$A9) | B35: =IF(Projects!$A9="","",Projects!$F9) | C35: =IF(Projects!$A9="","",Projects!$J9) | D35: =IF(Projects!$A9="","",Projects!$M9) | E35: =IF(Projects!$A9="","",Projects!$N9) | G35: =IF(Projects!$A9="","",Projects!$B9) | H35: =IF(Projects!$A9="","",Projects!$G9) | I35: =IF(Projects!$A9="","",Projects!$I9) | J35: =IF(OR(Projects!$A9="",Projects!$I9="",Projects!$F9="Closed"),"",Projects!$I9-TODAY()) | K35: =IF(Projects!$A9="","",Projects!$O9)
A36: =IF(Projects!$A10="","",Projects!$A10) | B36: =IF(Projects!$A10="","",Projects!$F10) | C36: =IF(Projects!$A10="","",Projects!$J10) | D36: =IF(Projects!$A10="","",Projects!$M10) | E36: =IF(Projects!$A10="","",Projects!$N10) | G36: =IF(Projects!$A10="","",Projects!$B10) | H36: =IF(Projects!$A10="","",Projects!$G10) | I36: =IF(Projects!$A10="","",Projects!$I10) | J36: =IF(OR(Projects!$A10="",Projects!$I10="",Projects!$F10="Closed"),"",Projects!$I10-TODAY()) | K36: =IF(Projects!$A10="","",Projects!$O10)
A37: =IF(Projects!$A11="","",Projects!$A11) | B37: =IF(Projects!$A11="","",Projects!$F11) | C37: =IF(Projects!$A11="","",Projects!$J11) | D37: =IF(Projects!$A11="","",Projects!$M11) | E37: =IF(Projects!$A11="","",Projects!$N11) | G37: =IF(Projects!$A11="","",Projects!$B11) | H37: =IF(Projects!$A11="","",Projects!$G11) | I37: =IF(Projects!$A11="","",Projects!$I11) | J37: =IF(OR(Projects!$A11="",Projects!$I11="",Projects!$F11="Closed"),"",Projects!$I11-TODAY()) | K37: =IF(Projects!$A11="","",Projects!$O11)
A38: =IF(Projects!$A12="","",Projects!$A12) | B38: =IF(Projects!$A12="","",Projects!$F12) | C38: =IF(Projects!$A12="","",Projects!$J12) | D38: =IF(Projects!$A12="","",Projects!$M12) | E38: =IF(Projects!$A12="","",Projects!$N12) | G38: =IF(Projects!$A12="","",Projects!$B12) | H38: =IF(Projects!$A12="","",Projects!$G12) | I38: =IF(Projects!$A12="","",Projects!$I12) | J38: =IF(OR(Projects!$A12="",Projects!$I12="",Projects!$F12="Closed"),"",Projects!$I12-TODAY()) | K38: =IF(Projects!$A12="","",Projects!$O12)
A39: =IF(Projects!$A13="","",Projects!$A13) | B39: =IF(Projects!$A13="","",Projects!$F13) | C39: =IF(Projects!$A13="","",Projects!$J13) | D39: =IF(Projects!$A13="","",Projects!$M13) | E39: =IF(Projects!$A13="","",Projects!$N13) | G39: =IF(Projects!$A13="","",Projects!$B13) | H39: =IF(Projects!$A13="","",Projects!$G13) | I39: =IF(Projects!$A13="","",Projects!$I13) | J39: =IF(OR(Projects!$A13="",Projects!$I13="",Projects!$F13="Closed"),"",Projects!$I13-TODAY()) | K39: =IF(Projects!$A13="","",Projects!$O13)
A40: =IF(Projects!$A14="","",Projects!$A14) | B40: =IF(Projects!$A14="","",Projects!$F14) | C40: =IF(Projects!$A14="","",Projects!$J14) | D40: =IF(Projects!$A14="","",Projects!$M14) | E40: =IF(Projects!$A14="","",Projects!$N14) | G40: =IF(Projects!$A14="","",Projects!$B14) | H40: =IF(Projects!$A14="","",Projects!$G14) | I40: =IF(Projects!$A14="","",Projects!$I14) | J40: =IF(OR(Projects!$A14="",Projects!$I14="",Projects!$F14="Closed"),"",Projects!$I14-TODAY()) | K40: =IF(Projects!$A14="","",Projects!$O14)

Sheet Projects
A1: Projects
A2: One row per project. Type in white cells; dropdowns come from the Lists sheet. Grey columns (K-O) are calculated from the Tasks sheet - do not overwrite.
A4: Project ID | B4: Project Name | C4: Business Unit / Client | D4: Type | E4: Priority | F4: Status | G4: Lead | H4: Start | I4: Target Go-Live | J4: RAG | K4: Total Tasks | L4: Done | M4: Open | N4: Overdue | O4: % Complete | P4: Next Milestone | Q4: Notes / Risks
A5: PRJ-001 | B5: SAP to Salesforce order sync (ACE 12) | C5: Sales Ops | D5: ACE Integration | E5: High | F5: In Progress | G5: Phani | H5: 46239 | I5: 46314 | J5: Amber | K5: =IF($A5="","",COUNTIF(Tasks!$B$5:$B$504,$A5)) -> 4 | L5: =IF($A5="","",COUNTIFS(Tasks!$B$5:$B$504,$A5,Tasks!$H$5:$H$504,"Done")) -> 1 | M5: =IF($A5="","",K5-L5-COUNTIFS(Tasks!$B$5:$B$504,$A5,Tasks!$H$5:$H$504,"Cancelled")) -> 3 | N5: =IF($A5="","",COUNTIFS(Tasks!$B$5:$B$504,$A5,Tasks!$M$5:$M$504,"OVERDUE")) -> 1 | O5: =IF(OR($A5="",K5=0),"",L5/(K5-COUNTIFS(Tasks!$B$5:$B$504,$A5,Tasks!$H$5:$H$504,"Cancelled"))) -> 0.25 | P5: SIT sign-off | Q5: Sample row - replace. Salesforce sandbox refresh slipped one week.
A6: PRJ-002 | B6: ACE 12.0.12 fixpack rollout on AIX 7.3 | C6: Platform | D6: Upgrade / Fixpack | E6: Critical | F6: UAT | G6: Phani | H6: 46259 | I6: 46293 | J6: Green | K6: =IF($A6="","",COUNTIF(Tasks!$B$5:$B$504,$A6)) -> 4 | L6: =IF($A6="","",COUNTIFS(Tasks!$B$5:$B$504,$A6,Tasks!$H$5:$H$504,"Done")) -> 2 | M6: =IF($A6="","",K6-L6-COUNTIFS(Tasks!$B$5:$B$504,$A6,Tasks!$H$5:$H$504,"Cancelled")) -> 2 | N6: =IF($A6="","",COUNTIFS(Tasks!$B$5:$B$504,$A6,Tasks!$M$5:$M$504,"OVERDUE")) -> 0 | O6: =IF(OR($A6="",K6=0),"",L6/(K6-COUNTIFS(Tasks!$B$5:$B$504,$A6,Tasks!$H$5:$H$504,"Cancelled"))) -> 0.5 | P6: PROD change window | Q6: Sample row - replace. CAB approval pending.
A7: PRJ-003 | B7: MQ cluster consolidation (QM03/QM04) | C7: Platform | D7: MQ | E7: Medium | F7: Initiation | G7: Suresh Babu | H7: 46274 | I7: 46369 | J7: Green | K7: =IF($A7="","",COUNTIF(Tasks!$B$5:$B$504,$A7)) -> 2 | L7: =IF($A7="","",COUNTIFS(Tasks!$B$5:$B$504,$A7,Tasks!$H$5:$H$504,"Done")) -> 0 | M7: =IF($A7="","",K7-L7-COUNTIFS(Tasks!$B$5:$B$504,$A7,Tasks!$H$5:$H$504,"Cancelled")) -> 2 | N7: =IF($A7="","",COUNTIFS(Tasks!$B$5:$B$504,$A7,Tasks!$M$5:$M$504,"OVERDUE")) -> 0 | O7: =IF(OR($A7="",K7=0),"",L7/(K7-COUNTIFS(Tasks!$B$5:$B$504,$A7,Tasks!$H$5:$H$504,"Cancelled"))) -> 0 | P7: Design review | Q7: Sample row - replace.
A8: PRJ-004 | B8: Payments REST API via NGINX gateway | C8: Finance | D8: API Gateway | E8: High | F8: On Hold | G8: Phani | H8: 46219 | I8: 46339 | J8: Red | K8: =IF($A8="","",COUNTIF(Tasks!$B$5:$B$504,$A8)) -> 2 | L8: =IF($A8="","",COUNTIFS(Tasks!$B$5:$B$504,$A8,Tasks!$H$5:$H$504,"Done")) -> 0 | M8: =IF($A8="","",K8-L8-COUNTIFS(Tasks!$B$5:$B$504,$A8,Tasks!$H$5:$H$504,"Cancelled")) -> 2 | N8: =IF($A8="","",COUNTIFS(Tasks!$B$5:$B$504,$A8,Tasks!$M$5:$M$504,"OVERDUE")) -> 1 | O8: =IF(OR($A8="",K8=0),"",L8/(K8-COUNTIFS(Tasks!$B$5:$B$504,$A8,Tasks!$H$5:$H$504,"Cancelled"))) -> 0 | P8: Security review | Q8: Sample row - replace. Blocked on client cert issuance from InfoSec.
K9: =IF($A9="","",COUNTIF(Tasks!$B$5:$B$504,$A9)) | L9: =IF($A9="","",COUNTIFS(Tasks!$B$5:$B$504,$A9,Tasks!$H$5:$H$504,"Done")) | M9: =IF($A9="","",K9-L9-COUNTIFS(Tasks!$B$5:$B$504,$A9,Tasks!$H$5:$H$504,"Cancelled")) | N9: =IF($A9="","",COUNTIFS(Tasks!$B$5:$B$504,$A9,Tasks!$M$5:$M$504,"OVERDUE")) | O9: =IF(OR($A9="",K9=0),"",L9/(K9-COUNTIFS(Tasks!$B$5:$B$504,$A9,Tasks!$H$5:$H$504,"Cancelled")))
K10: =IF($A10="","",COUNTIF(Tasks!$B$5:$B$504,$A10)) | L10: =IF($A10="","",COUNTIFS(Tasks!$B$5:$B$504,$A10,Tasks!$H$5:$H$504,"Done")) | M10: =IF($A10="","",K10-L10-COUNTIFS(Tasks!$B$5:$B$504,$A10,Tasks!$H$5:$H$504,"Cancelled")) | N10: =IF($A10="","",COUNTIFS(Tasks!$B$5:$B$504,$A10,Tasks!$M$5:$M$504,"OVERDUE")) | O10: =IF(OR($A10="",K10=0),"",L10/(K10-COUNTIFS(Tasks!$B$5:$B$504,$A10,Tasks!$H$5:$H$504,"Cancelled")))
K11: =IF($A11="","",COUNTIF(Tasks!$B$5:$B$504,$A11)) | L11: =IF($A11="","",COUNTIFS(Tasks!$B$5:$B$504,$A11,Tasks!$H$5:$H$504,"Done")) | M11: =IF($A11="","",K11-L11-COUNTIFS(Tasks!$B$5:$B$504,$A11,Tasks!$H$5:$H$504,"Cancelled")) | N11: =IF($A11="","",COUNTIFS(Tasks!$B$5:$B$504,$A11,Tasks!$M$5:$M$504,"OVERDUE")) | O11: =IF(OR($A11="",K11=0),"",L11/(K11-COUNTIFS(Tasks!$B$5:$B$504,$A11,Tasks!$H$5:$H$504,"Cancelled")))
K12: =IF($A12="","",COUNTIF(Tasks!$B$5:$B$504,$A12)) | L12: =IF($A12="","",COUNTIFS(Tasks!$B$5:$B$504,$A12,Tasks!$H$5:$H$504,"Done")) | M12: =IF($A12="","",K12-L12-COUNTIFS(Tasks!$B$5:$B$504,$A12,Tasks!$H$5:$H$504,"Cancelled")) | N12: =IF($A12="","",COUNTIFS(Tasks!$B$5:$B$504,$A12,Tasks!$M$5:$M$504,"OVERDUE")) | O12: =IF(OR($A12="",K12=0),"",L12/(K12-COUNTIFS(Tasks!$B$5:$B$504,$A12,Tasks!$H$5:$H$504,"Cancelled")))
K13: =IF($A13="","",COUNTIF(Tasks!$B$5:$B$504,$A13)) | L13: =IF($A13="","",COUNTIFS(Tasks!$B$5:$B$504,$A13,Tasks!$H$5:$H$504,"Done")) | M13: =IF($A13="","",K13-L13-COUNTIFS(Tasks!$B$5:$B$504,$A13,Tasks!$H$5:$H$504,"Cancelled")) | N13: =IF($A13="","",COUNTIFS(Tasks!$B$5:$B$504,$A13,Tasks!$M$5:$M$504,"OVERDUE")) | O13: =IF(OR($A13="",K13=0),"",L13/(K13-COUNTIFS(Tasks!$B$5:$B$504,$A13,Tasks!$H$5:$H$504,"Cancelled")))
K14: =IF($A14="","",COUNTIF(Tasks!$B$5:$B$504,$A14)) | L14: =IF($A14="","",COUNTIFS(Tasks!$B$5:$B$504,$A14,Tasks!$H$5:$H$504,"Done")) | M14: =IF($A14="","",K14-L14-COUNTIFS(Tasks!$B$5:$B$504,$A14,Tasks!$H$5:$H$504,"Cancelled")) | N14: =IF($A14="","",COUNTIFS(Tasks!$B$5:$B$504,$A14,Tasks!$M$5:$M$504,"OVERDUE")) | O14: =IF(OR($A14="",K14=0),"",L14/(K14-COUNTIFS(Tasks!$B$5:$B$504,$A14,Tasks!$H$5:$H$504,"Cancelled")))
K15: =IF($A15="","",COUNTIF(Tasks!$B$5:$B$504,$A15)) | L15: =IF($A15="","",COUNTIFS(Tasks!$B$5:$B$504,$A15,Tasks!$H$5:$H$504,"Done")) | M15: =IF($A15="","",K15-L15-COUNTIFS(Tasks!$B$5:$B$504,$A15,Tasks!$H$5:$H$504,"Cancelled")) | N15: =IF($A15="","",COUNTIFS(Tasks!$B$5:$B$504,$A15,Tasks!$M$5:$M$504,"OVERDUE")) | O15: =IF(OR($A15="",K15=0),"",L15/(K15-COUNTIFS(Tasks!$B$5:$B$504,$A15,Tasks!$H$5:$H$504,"Cancelled")))
K16: =IF($A16="","",COUNTIF(Tasks!$B$5:$B$504,$A16)) | L16: =IF($A16="","",COUNTIFS(Tasks!$B$5:$B$504,$A16,Tasks!$H$5:$H$504,"Done")) | M16: =IF($A16="","",K16-L16-COUNTIFS(Tasks!$B$5:$B$504,$A16,Tasks!$H$5:$H$504,"Cancelled")) | N16: =IF($A16="","",COUNTIFS(Tasks!$B$5:$B$504,$A16,Tasks!$M$5:$M$504,"OVERDUE")) | O16: =IF(OR($A16="",K16=0),"",L16/(K16-COUNTIFS(Tasks!$B$5:$B$504,$A16,Tasks!$H$5:$H$504,"Cancelled")))
K17: =IF($A17="","",COUNTIF(Tasks!$B$5:$B$504,$A17)) | L17: =IF($A17="","",COUNTIFS(Tasks!$B$5:$B$504,$A17,Tasks!$H$5:$H$504,"Done")) | M17: =IF($A17="","",K17-L17-COUNTIFS(Tasks!$B$5:$B$504,$A17,Tasks!$H$5:$H$504,"Cancelled")) | N17: =IF($A17="","",COUNTIFS(Tasks!$B$5:$B$504,$A17,Tasks!$M$5:$M$504,"OVERDUE")) | O17: =IF(OR($A17="",K17=0),"",L17/(K17-COUNTIFS(Tasks!$B$5:$B$504,$A17,Tasks!$H$5:$H$504,"Cancelled")))
K18: =IF($A18="","",COUNTIF(Tasks!$B$5:$B$504,$A18)) | L18: =IF($A18="","",COUNTIFS(Tasks!$B$5:$B$504,$A18,Tasks!$H$5:$H$504,"Done")) | M18: =IF($A18="","",K18-L18-COUNTIFS(Tasks!$B$5:$B$504,$A18,Tasks!$H$5:$H$504,"Cancelled")) | N18: =IF($A18="","",COUNTIFS(Tasks!$B$5:$B$504,$A18,Tasks!$M$5:$M$504,"OVERDUE")) | O18: =IF(OR($A18="",K18=0),"",L18/(K18-COUNTIFS(Tasks!$B$5:$B$504,$A18,Tasks!$H$5:$H$504,"Cancelled")))
K19: =IF($A19="","",COUNTIF(Tasks!$B$5:$B$504,$A19)) | L19: =IF($A19="","",COUNTIFS(Tasks!$B$5:$B$504,$A19,Tasks!$H$5:$H$504,"Done")) | M19: =IF($A19="","",K19-L19-COUNTIFS(Tasks!$B$5:$B$504,$A19,Tasks!$H$5:$H$504,"Cancelled")) | N19: =IF($A19="","",COUNTIFS(Tasks!$B$5:$B$504,$A19,Tasks!$M$5:$M$504,"OVERDUE")) | O19: =IF(OR($A19="",K19=0),"",L19/(K19-COUNTIFS(Tasks!$B$5:$B$504,$A19,Tasks!$H$5:$H$504,"Cancelled")))
K20: =IF($A20="","",COUNTIF(Tasks!$B$5:$B$504,$A20)) | L20: =IF($A20="","",COUNTIFS(Tasks!$B$5:$B$504,$A20,Tasks!$H$5:$H$504,"Done")) | M20: =IF($A20="","",K20-L20-COUNTIFS(Tasks!$B$5:$B$504,$A20,Tasks!$H$5:$H$504,"Cancelled")) | N20: =IF($A20="","",COUNTIFS(Tasks!$B$5:$B$504,$A20,Tasks!$M$5:$M$504,"OVERDUE")) | O20: =IF(OR($A20="",K20=0),"",L20/(K20-COUNTIFS(Tasks!$B$5:$B$504,$A20,Tasks!$H$5:$H$504,"Cancelled")))
... K204: =IF($A204="","",COUNTIF(Tasks!$B$5:$B$504,$A204)) | L204: =IF($A204="","",COUNTIFS(Tasks!$B$5:$B$504,$A204,Tasks!$H$5:$H$504,"Done")) | M204: =IF($A204="","",K204-L204-COUNTIFS(Tasks!$B$5:$B$504,$A204,Tasks!$H$5:$H$504,"Cancelled")) | N204: =IF($A204="","",COUNTIFS(Tasks!$B$5:$B$504,$A204,Tasks!$M$5:$M$504,"OVERDUE")) | O204: =IF(OR($A204="",K204=0),"",L204/(K204-COUNTIFS(Tasks!$B$5:$B$504,$A204,Tasks!$H$5:$H$504,"Cancelled")))

Sheet Tasks
A1: Tasks (mine and the team's)
A2: One row per task. Set Assigned To = your name (Lists!K4) for your own tasks; the Dashboard splits them from the team's. Grey columns C, L, M are formulas - do not overwrite. Filter by Assigned To to see one person's list.
A4: Task ID | B4: Project ID | C4: Project Name | D4: Task | E4: Category | F4: Assigned To | G4: Priority | H4: Status | I4: Created | J4: Due | K4: Completed | L4: Days Left | M4: Overdue? | N4: Blocker / Dependency | O4: Last Update | P4: Notes
A5: TSK-001 | B5: PRJ-001 | C5: =IF($B5="","",IFERROR(INDEX(Projects!$B$5:$B$204,MATCH($B5,Projects!$A$5:$A$204,0)),"Unknown project ID")) -> SAP to Salesforce order sync (ACE 12) | D5: Review ESQL mapping for order header/line items | E5: Review | F5: Phani | G5: High | H5: In Progress | I5: 46269 | J5: 46281 | L5: =IF(OR($J5="",$H5="Done",$H5="Cancelled"),"",$J5-TODAY()) -> 2 | M5: =IF(AND($J5<>"",$H5<>"Done",$H5<>"Cancelled",$J5<TODAY()),"OVERDUE","") | O5: 46278 | P5: Sample row - replace
A6: TSK-002 | B6: PRJ-001 | C6: =IF($B6="","",IFERROR(INDEX(Projects!$B$5:$B$204,MATCH($B6,Projects!$A$5:$A$204,0)),"Unknown project ID")) -> SAP to Salesforce order sync (ACE 12) | D6: Build SAP IDoc DFDL model and ACE compute node | E6: Build | F6: Ravi Kumar | G6: High | H6: Done | I6: 46249 | J6: 46271 | K6: 46270 | L6: =IF(OR($J6="",$H6="Done",$H6="Cancelled"),"",$J6-TODAY()) | M6: =IF(AND($J6<>"",$H6<>"Done",$H6<>"Cancelled",$J6<TODAY()),"OVERDUE","") | O6: 46270
A7: TSK-003 | B7: PRJ-001 | C7: =IF($B7="","",IFERROR(INDEX(Projects!$B$5:$B$204,MATCH($B7,Projects!$A$5:$A$204,0)),"Unknown project ID")) -> SAP to Salesforce order sync (ACE 12) | D7: Salesforce REST callout with OAuth policy | E7: Build | F7: Priya Nair | G7: High | H7: Blocked | I7: 46264 | J7: 46277 | L7: =IF(OR($J7="",$H7="Done",$H7="Cancelled"),"",$J7-TODAY()) -> -2 | M7: =IF(AND($J7<>"",$H7<>"Done",$H7<>"Cancelled",$J7<TODAY()),"OVERDUE","") -> OVERDUE | N7: Waiting on Salesforce sandbox refresh | O7: 46276
A8: TSK-004 | B8: PRJ-001 | C8: =IF($B8="","",IFERROR(INDEX(Projects!$B$5:$B$204,MATCH($B8,Projects!$A$5:$A$204,0)),"Unknown project ID")) -> SAP to Salesforce order sync (ACE 12) | D8: SIT test cases for order sync happy path + retries | E8: Testing | F8: Anita Rao | G8: Medium | H8: In Progress | I8: 46272 | J8: 46289 | L8: =IF(OR($J8="",$H8="Done",$H8="Cancelled"),"",$J8-TODAY()) -> 10 | M8: =IF(AND($J8<>"",$H8<>"Done",$H8<>"Cancelled",$J8<TODAY()),"OVERDUE","") | O8: 46279
A9: TSK-005 | B9: PRJ-002 | C9: =IF($B9="","",IFERROR(INDEX(Projects!$B$5:$B$204,MATCH($B9,Projects!$A$5:$A$204,0)),"Unknown project ID")) -> ACE 12.0.12 fixpack rollout on AIX 7.3 | D9: Backup nodes and BARs before fixpack apply | E9: Deployment | F9: Suresh Babu | G9: Critical | H9: Done | I9: 46267 | J9: 46274 | K9: 46274 | L9: =IF(OR($J9="",$H9="Done",$H9="Cancelled"),"",$J9-TODAY()) | M9: =IF(AND($J9<>"",$H9<>"Done",$H9<>"Cancelled",$J9<TODAY()),"OVERDUE","") | O9: 46274
A10: TSK-006 | B10: PRJ-002 | C10: =IF($B10="","",IFERROR(INDEX(Projects!$B$5:$B$204,MATCH($B10,Projects!$A$5:$A$204,0)),"Unknown project ID")) -> ACE 12.0.12 fixpack rollout on AIX 7.3 | D10: Apply 12.0.12 fixpack on UAT integration nodes | E10: Deployment | F10: Ravi Kumar | G10: Critical | H10: Done | I10: 46269 | J10: 46276 | K10: 46276 | L10: =IF(OR($J10="",$H10="Done",$H10="Cancelled"),"",$J10-TODAY()) | M10: =IF(AND($J10<>"",$H10<>"Done",$H10<>"Cancelled",$J10<TODAY()),"OVERDUE","") | O10: 46276
A11: TSK-007 | B11: PRJ-002 | C11: =IF($B11="","",IFERROR(INDEX(Projects!$B$5:$B$204,MATCH($B11,Projects!$A$5:$A$204,0)),"Unknown project ID")) -> ACE 12.0.12 fixpack rollout on AIX 7.3 | D11: Regression run on UAT after fixpack | E11: Testing | F11: Anita Rao | G11: Critical | H11: In Progress | I11: 46276 | J11: 46283 | L11: =IF(OR($J11="",$H11="Done",$H11="Cancelled"),"",$J11-TODAY()) -> 4 | M11: =IF(AND($J11<>"",$H11<>"Done",$H11<>"Cancelled",$J11<TODAY()),"OVERDUE","") | O11: 46279
A12: TSK-008 | B12: PRJ-002 | C12: =IF($B12="","",IFERROR(INDEX(Projects!$B$5:$B$204,MATCH($B12,Projects!$A$5:$A$204,0)),"Unknown project ID")) -> ACE 12.0.12 fixpack rollout on AIX 7.3 | D12: Raise CAB change for PROD fixpack window | E12: Governance | F12: Phani | G12: Critical | H12: Not Started | I12: 46277 | J12: 46285 | L12: =IF(OR($J12="",$H12="Done",$H12="Cancelled"),"",$J12-TODAY()) -> 6 | M12: =IF(AND($J12<>"",$H12<>"Done",$H12<>"Cancelled",$J12<TODAY()),"OVERDUE","")
A13: TSK-009 | B13: PRJ-003 | C13: =IF($B13="","",IFERROR(INDEX(Projects!$B$5:$B$204,MATCH($B13,Projects!$A$5:$A$204,0)),"Unknown project ID")) -> MQ cluster consolidation (QM03/QM04) | D13: Current-state MQ topology and channel inventory | E13: Design | F13: Suresh Babu | G13: Medium | H13: In Progress | I13: 46274 | J13: 46291 | L13: =IF(OR($J13="",$H13="Done",$H13="Cancelled"),"",$J13-TODAY()) -> 12 | M13: =IF(AND($J13<>"",$H13<>"Done",$H13<>"Cancelled",$J13<TODAY()),"OVERDUE","") | O13: 46278
A14: TSK-010 | B14: PRJ-003 | C14: =IF($B14="","",IFERROR(INDEX(Projects!$B$5:$B$204,MATCH($B14,Projects!$A$5:$A$204,0)),"Unknown project ID")) -> MQ cluster consolidation (QM03/QM04) | D14: Consolidation design review with platform team | E14: Meeting | F14: Phani | G14: Medium | H14: Not Started | I14: 46274 | J14: 46299 | L14: =IF(OR($J14="",$H14="Done",$H14="Cancelled"),"",$J14-TODAY()) -> 20 | M14: =IF(AND($J14<>"",$H14<>"Done",$H14<>"Cancelled",$J14<TODAY()),"OVERDUE","")
A15: TSK-011 | B15: PRJ-004 | C15: =IF($B15="","",IFERROR(INDEX(Projects!$B$5:$B$204,MATCH($B15,Projects!$A$5:$A$204,0)),"Unknown project ID")) -> Payments REST API via NGINX gateway | D15: Chase InfoSec for gateway client certificates | E15: Governance | F15: Phani | G15: High | H15: Blocked | I15: 46249 | J15: 46265 | L15: =IF(OR($J15="",$H15="Done",$H15="Cancelled"),"",$J15-TODAY()) -> -14 | M15: =IF(AND($J15<>"",$H15<>"Done",$H15<>"Cancelled",$J15<TODAY()),"OVERDUE","") -> OVERDUE | N15: InfoSec ticket SEC-4412 open 3 weeks | O15: 46272 | P15: Escalate to InfoSec manager if no reply this week
A16: TSK-012 | B16: PRJ-004 | C16: =IF($B16="","",IFERROR(INDEX(Projects!$B$5:$B$204,MATCH($B16,Projects!$A$5:$A$204,0)),"Unknown project ID")) -> Payments REST API via NGINX gateway | D16: NGINX upstream config for ACE HTTPS listener | E16: Build | F16: Priya Nair | G16: Medium | H16: On Hold | I16: 46254 | J16: 46309 | L16: =IF(OR($J16="",$H16="Done",$H16="Cancelled"),"",$J16-TODAY()) -> 30 | M16: =IF(AND($J16<>"",$H16<>"Done",$H16<>"Cancelled",$J16<TODAY()),"OVERDUE","") | N16: Depends on TSK-011 | O16: 46272
A17: TSK-013 | C17: =IF($B17="","",IFERROR(INDEX(Projects!$B$5:$B$204,MATCH($B17,Projects!$A$5:$A$204,0)),"Unknown project ID")) | D17: Monthly architecture governance forum - prep slides | E17: Governance | F17: Phani | G17: Medium | H17: Not Started | I17: 46279 | J17: 46284 | L17: =IF(OR($J17="",$H17="Done",$H17="Cancelled"),"",$J17-TODAY()) -> 5 | M17: =IF(AND($J17<>"",$H17<>"Done",$H17<>"Cancelled",$J17<TODAY()),"OVERDUE","") | P17: Non-project task: leave Project ID blank
C18: =IF($B18="","",IFERROR(INDEX(Projects!$B$5:$B$204,MATCH($B18,Projects!$A$5:$A$204,0)),"Unknown project ID")) | L18: =IF(OR($J18="",$H18="Done",$H18="Cancelled"),"",$J18-TODAY()) | M18: =IF(AND($J18<>"",$H18<>"Done",$H18<>"Cancelled",$J18<TODAY()),"OVERDUE","")
C19: =IF($B19="","",IFERROR(INDEX(Projects!$B$5:$B$204,MATCH($B19,Projects!$A$5:$A$204,0)),"Unknown project ID")) | L19: =IF(OR($J19="",$H19="Done",$H19="Cancelled"),"",$J19-TODAY()) | M19: =IF(AND($J19<>"",$H19<>"Done",$H19<>"Cancelled",$J19<TODAY()),"OVERDUE","")
C20: =IF($B20="","",IFERROR(INDEX(Projects!$B$5:$B$204,MATCH($B20,Projects!$A$5:$A$204,0)),"Unknown project ID")) | L20: =IF(OR($J20="",$H20="Done",$H20="Cancelled"),"",$J20-TODAY()) | M20: =IF(AND($J20<>"",$H20<>"Done",$H20<>"Cancelled",$J20<TODAY()),"OVERDUE","")
C21: =IF($B21="","",IFERROR(INDEX(Projects!$B$5:$B$204,MATCH($B21,Projects!$A$5:$A$204,0)),"Unknown project ID")) | L21: =IF(OR($J21="",$H21="Done",$H21="Cancelled"),"",$J21-TODAY()) | M21: =IF(AND($J21<>"",$H21<>"Done",$H21<>"Cancelled",$J21<TODAY()),"OVERDUE","")
C22: =IF($B22="","",IFERROR(INDEX(Projects!$B$5:$B$204,MATCH($B22,Projects!$A$5:$A$204,0)),"Unknown project ID")) | L22: =IF(OR($J22="",$H22="Done",$H22="Cancelled"),"",$J22-TODAY()) | M22: =IF(AND($J22<>"",$H22<>"Done",$H22<>"Cancelled",$J22<TODAY()),"OVERDUE","")
C23: =IF($B23="","",IFERROR(INDEX(Projects!$B$5:$B$204,MATCH($B23,Projects!$A$5:$A$204,0)),"Unknown project ID")) | L23: =IF(OR($J23="",$H23="Done",$H23="Cancelled"),"",$J23-TODAY()) | M23: =IF(AND($J23<>"",$H23<>"Done",$H23<>"Cancelled",$J23<TODAY()),"OVERDUE","")
C24: =IF($B24="","",IFERROR(INDEX(Projects!$B$5:$B$204,MATCH($B24,Projects!$A$5:$A$204,0)),"Unknown project ID")) | L24: =IF(OR($J24="",$H24="Done",$H24="Cancelled"),"",$J24-TODAY()) | M24: =IF(AND($J24<>"",$H24<>"Done",$H24<>"Cancelled",$J24<TODAY()),"OVERDUE","")
C25: =IF($B25="","",IFERROR(INDEX(Projects!$B$5:$B$204,MATCH($B25,Projects!$A$5:$A$204,0)),"Unknown project ID")) | L25: =IF(OR($J25="",$H25="Done",$H25="Cancelled"),"",$J25-TODAY()) | M25: =IF(AND($J25<>"",$H25<>"Done",$H25<>"Cancelled",$J25<TODAY()),"OVERDUE","")
C26: =IF($B26="","",IFERROR(INDEX(Projects!$B$5:$B$204,MATCH($B26,Projects!$A$5:$A$204,0)),"Unknown project ID")) | L26: =IF(OR($J26="",$H26="Done",$H26="Cancelled"),"",$J26-TODAY()) | M26: =IF(AND($J26<>"",$H26<>"Done",$H26<>"Cancelled",$J26<TODAY()),"OVERDUE","")
C27: =IF($B27="","",IFERROR(INDEX(Projects!$B$5:$B$204,MATCH($B27,Projects!$A$5:$A$204,0)),"Unknown project ID")) | L27: =IF(OR($J27="",$H27="Done",$H27="Cancelled"),"",$J27-TODAY()) | M27: =IF(AND($J27<>"",$H27<>"Done",$H27<>"Cancelled",$J27<TODAY()),"OVERDUE","")
C28: =IF($B28="","",IFERROR(INDEX(Projects!$B$5:$B$204,MATCH($B28,Projects!$A$5:$A$204,0)),"Unknown project ID")) | L28: =IF(OR($J28="",$H28="Done",$H28="Cancelled"),"",$J28-TODAY()) | M28: =IF(AND($J28<>"",$H28<>"Done",$H28<>"Cancelled",$J28<TODAY()),"OVERDUE","")
C29: =IF($B29="","",IFERROR(INDEX(Projects!$B$5:$B$204,MATCH($B29,Projects!$A$5:$A$204,0)),"Unknown project ID")) | L29: =IF(OR($J29="",$H29="Done",$H29="Cancelled"),"",$J29-TODAY()) | M29: =IF(AND($J29<>"",$H29<>"Done",$H29<>"Cancelled",$J29<TODAY()),"OVERDUE","")
... C504: =IF($B504="","",IFERROR(INDEX(Projects!$B$5:$B$204,MATCH($B504,Projects!$A$5:$A$204,0)),"Unknown project ID")) | L504: =IF(OR($J504="",$H504="Done",$H504="Cancelled"),"",$J504-TODAY()) | M504: =IF(AND($J504<>"",$H504<>"Done",$H504<>"Cancelled",$J504<TODAY()),"OVERDUE","")

Sheet Team
A1: Team
A2: Type in white cells (A-E). Grey columns are formulas pulled from the Tasks sheet - do not overwrite. Row 5 is you; keep your name identical to Lists!K4.
A4: Name | B4: Role | C4: Primary Skills | D4: Location / Shift | E4: Notes | F4: Open Tasks | G4: In Progress | H4: Blocked | I4: Overdue | J4: Done (all time)
A5: Phani | B5: Integration Architect | C5: ACE 12, MQ, API design, governance | D5: Onsite | E5: Me | F5: =IF($A5="","",COUNTIFS(Tasks!$F$5:$F$504,$A5)-COUNTIFS(Tasks!$F$5:$F$504,$A5,Tasks!$H$5:$H$504,"Done")-COUNTIFS(Tasks!$F$5:$F$504,$A5,Tasks!$H$5:$H$504,"Cancelled")) -> 5 | G5: =IF($A5="","",COUNTIFS(Tasks!$F$5:$F$504,$A5,Tasks!$H$5:$H$504,"In Progress")) -> 1 | H5: =IF($A5="","",COUNTIFS(Tasks!$F$5:$F$504,$A5,Tasks!$H$5:$H$504,"Blocked")) -> 1 | I5: =IF($A5="","",COUNTIFS(Tasks!$F$5:$F$504,$A5,Tasks!$M$5:$M$504,"OVERDUE")) -> 1 | J5: =IF($A5="","",COUNTIFS(Tasks!$F$5:$F$504,$A5,Tasks!$H$5:$H$504,"Done")) -> 0
A6: Ravi Kumar | B6: Senior ACE Developer | C6: ESQL, JavaCompute, DFDL | D6: Offshore | E6: Sample row - replace | F6: =IF($A6="","",COUNTIFS(Tasks!$F$5:$F$504,$A6)-COUNTIFS(Tasks!$F$5:$F$504,$A6,Tasks!$H$5:$H$504,"Done")-COUNTIFS(Tasks!$F$5:$F$504,$A6,Tasks!$H$5:$H$504,"Cancelled")) -> 0 | G6: =IF($A6="","",COUNTIFS(Tasks!$F$5:$F$504,$A6,Tasks!$H$5:$H$504,"In Progress")) -> 0 | H6: =IF($A6="","",COUNTIFS(Tasks!$F$5:$F$504,$A6,Tasks!$H$5:$H$504,"Blocked")) -> 0 | I6: =IF($A6="","",COUNTIFS(Tasks!$F$5:$F$504,$A6,Tasks!$M$5:$M$504,"OVERDUE")) -> 0 | J6: =IF($A6="","",COUNTIFS(Tasks!$F$5:$F$504,$A6,Tasks!$H$5:$H$504,"Done")) -> 2
A7: Priya Nair | B7: ACE Developer | C7: ESQL, REST APIs, XMLNSC | D7: Offshore | E7: Sample row - replace | F7: =IF($A7="","",COUNTIFS(Tasks!$F$5:$F$504,$A7)-COUNTIFS(Tasks!$F$5:$F$504,$A7,Tasks!$H$5:$H$504,"Done")-COUNTIFS(Tasks!$F$5:$F$504,$A7,Tasks!$H$5:$H$504,"Cancelled")) -> 2 | G7: =IF($A7="","",COUNTIFS(Tasks!$F$5:$F$504,$A7,Tasks!$H$5:$H$504,"In Progress")) -> 0 | H7: =IF($A7="","",COUNTIFS(Tasks!$F$5:$F$504,$A7,Tasks!$H$5:$H$504,"Blocked")) -> 1 | I7: =IF($A7="","",COUNTIFS(Tasks!$F$5:$F$504,$A7,Tasks!$M$5:$M$504,"OVERDUE")) -> 1 | J7: =IF($A7="","",COUNTIFS(Tasks!$F$5:$F$504,$A7,Tasks!$H$5:$H$504,"Done")) -> 0
A8: Suresh Babu | B8: MQ Administrator | C8: MQ clusters, AIX, TLS | D8: Onsite | E8: Sample row - replace | F8: =IF($A8="","",COUNTIFS(Tasks!$F$5:$F$504,$A8)-COUNTIFS(Tasks!$F$5:$F$504,$A8,Tasks!$H$5:$H$504,"Done")-COUNTIFS(Tasks!$F$5:$F$504,$A8,Tasks!$H$5:$H$504,"Cancelled")) -> 1 | G8: =IF($A8="","",COUNTIFS(Tasks!$F$5:$F$504,$A8,Tasks!$H$5:$H$504,"In Progress")) -> 1 | H8: =IF($A8="","",COUNTIFS(Tasks!$F$5:$F$504,$A8,Tasks!$H$5:$H$504,"Blocked")) -> 0 | I8: =IF($A8="","",COUNTIFS(Tasks!$F$5:$F$504,$A8,Tasks!$M$5:$M$504,"OVERDUE")) -> 0 | J8: =IF($A8="","",COUNTIFS(Tasks!$F$5:$F$504,$A8,Tasks!$H$5:$H$504,"Done")) -> 1
A9: Anita Rao | B9: Test Lead | C9: SIT/UAT, SoapUI, Postman | D9: Offshore | E9: Sample row - replace | F9: =IF($A9="","",COUNTIFS(Tasks!$F$5:$F$504,$A9)-COUNTIFS(Tasks!$F$5:$F$504,$A9,Tasks!$H$5:$H$504,"Done")-COUNTIFS(Tasks!$F$5:$F$504,$A9,Tasks!$H$5:$H$504,"Cancelled")) -> 2 | G9: =IF($A9="","",COUNTIFS(Tasks!$F$5:$F$504,$A9,Tasks!$H$5:$H$504,"In Progress")) -> 2 | H9: =IF($A9="","",COUNTIFS(Tasks!$F$5:$F$504,$A9,Tasks!$H$5:$H$504,"Blocked")) -> 0 | I9: =IF($A9="","",COUNTIFS(Tasks!$F$5:$F$504,$A9,Tasks!$M$5:$M$504,"OVERDUE")) -> 0 | J9: =IF($A9="","",COUNTIFS(Tasks!$F$5:$F$504,$A9,Tasks!$H$5:$H$504,"Done")) -> 0
F10: =IF($A10="","",COUNTIFS(Tasks!$F$5:$F$504,$A10)-COUNTIFS(Tasks!$F$5:$F$504,$A10,Tasks!$H$5:$H$504,"Done")-COUNTIFS(Tasks!$F$5:$F$504,$A10,Tasks!$H$5:$H$504,"Cancelled")) | G10: =IF($A10="","",COUNTIFS(Tasks!$F$5:$F$504,$A10,Tasks!$H$5:$H$504,"In Progress")) | H10: =IF($A10="","",COUNTIFS(Tasks!$F$5:$F$504,$A10,Tasks!$H$5:$H$504,"Blocked")) | I10: =IF($A10="","",COUNTIFS(Tasks!$F$5:$F$504,$A10,Tasks!$M$5:$M$504,"OVERDUE")) | J10: =IF($A10="","",COUNTIFS(Tasks!$F$5:$F$504,$A10,Tasks!$H$5:$H$504,"Done"))
F11: =IF($A11="","",COUNTIFS(Tasks!$F$5:$F$504,$A11)-COUNTIFS(Tasks!$F$5:$F$504,$A11,Tasks!$H$5:$H$504,"Done")-COUNTIFS(Tasks!$F$5:$F$504,$A11,Tasks!$H$5:$H$504,"Cancelled")) | G11: =IF($A11="","",COUNTIFS(Tasks!$F$5:$F$504,$A11,Tasks!$H$5:$H$504,"In Progress")) | H11: =IF($A11="","",COUNTIFS(Tasks!$F$5:$F$504,$A11,Tasks!$H$5:$H$504,"Blocked")) | I11: =IF($A11="","",COUNTIFS(Tasks!$F$5:$F$504,$A11,Tasks!$M$5:$M$504,"OVERDUE")) | J11: =IF($A11="","",COUNTIFS(Tasks!$F$5:$F$504,$A11,Tasks!$H$5:$H$504,"Done"))
F12: =IF($A12="","",COUNTIFS(Tasks!$F$5:$F$504,$A12)-COUNTIFS(Tasks!$F$5:$F$504,$A12,Tasks!$H$5:$H$504,"Done")-COUNTIFS(Tasks!$F$5:$F$504,$A12,Tasks!$H$5:$H$504,"Cancelled")) | G12: =IF($A12="","",COUNTIFS(Tasks!$F$5:$F$504,$A12,Tasks!$H$5:$H$504,"In Progress")) | H12: =IF($A12="","",COUNTIFS(Tasks!$F$5:$F$504,$A12,Tasks!$H$5:$H$504,"Blocked")) | I12: =IF($A12="","",COUNTIFS(Tasks!$F$5:$F$504,$A12,Tasks!$M$5:$M$504,"OVERDUE")) | J12: =IF($A12="","",COUNTIFS(Tasks!$F$5:$F$504,$A12,Tasks!$H$5:$H$504,"Done"))
F13: =IF($A13="","",COUNTIFS(Tasks!$F$5:$F$504,$A13)-COUNTIFS(Tasks!$F$5:$F$504,$A13,Tasks!$H$5:$H$504,"Done")-COUNTIFS(Tasks!$F$5:$F$504,$A13,Tasks!$H$5:$H$504,"Cancelled")) | G13: =IF($A13="","",COUNTIFS(Tasks!$F$5:$F$504,$A13,Tasks!$H$5:$H$504,"In Progress")) | H13: =IF($A13="","",COUNTIFS(Tasks!$F$5:$F$504,$A13,Tasks!$H$5:$H$504,"Blocked")) | I13: =IF($A13="","",COUNTIFS(Tasks!$F$5:$F$504,$A13,Tasks!$M$5:$M$504,"OVERDUE")) | J13: =IF($A13="","",COUNTIFS(Tasks!$F$5:$F$504,$A13,Tasks!$H$5:$H$504,"Done"))
F14: =IF($A14="","",COUNTIFS(Tasks!$F$5:$F$504,$A14)-COUNTIFS(Tasks!$F$5:$F$504,$A14,Tasks!$H$5:$H$504,"Done")-COUNTIFS(Tasks!$F$5:$F$504,$A14,Tasks!$H$5:$H$504,"Cancelled")) | G14: =IF($A14="","",COUNTIFS(Tasks!$F$5:$F$504,$A14,Tasks!$H$5:$H$504,"In Progress")) | H14: =IF($A14="","",COUNTIFS(Tasks!$F$5:$F$504,$A14,Tasks!$H$5:$H$504,"Blocked")) | I14: =IF($A14="","",COUNTIFS(Tasks!$F$5:$F$504,$A14,Tasks!$M$5:$M$504,"OVERDUE")) | J14: =IF($A14="","",COUNTIFS(Tasks!$F$5:$F$504,$A14,Tasks!$H$5:$H$504,"Done"))
F15: =IF($A15="","",COUNTIFS(Tasks!$F$5:$F$504,$A15)-COUNTIFS(Tasks!$F$5:$F$504,$A15,Tasks!$H$5:$H$504,"Done")-COUNTIFS(Tasks!$F$5:$F$504,$A15,Tasks!$H$5:$H$504,"Cancelled")) | G15: =IF($A15="","",COUNTIFS(Tasks!$F$5:$F$504,$A15,Tasks!$H$5:$H$504,"In Progress")) | H15: =IF($A15="","",COUNTIFS(Tasks!$F$5:$F$504,$A15,Tasks!$H$5:$H$504,"Blocked")) | I15: =IF($A15="","",COUNTIFS(Tasks!$F$5:$F$504,$A15,Tasks!$M$5:$M$504,"OVERDUE")) | J15: =IF($A15="","",COUNTIFS(Tasks!$F$5:$F$504,$A15,Tasks!$H$5:$H$504,"Done"))
F16: =IF($A16="","",COUNTIFS(Tasks!$F$5:$F$504,$A16)-COUNTIFS(Tasks!$F$5:$F$504,$A16,Tasks!$H$5:$H$504,"Done")-COUNTIFS(Tasks!$F$5:$F$504,$A16,Tasks!$H$5:$H$504,"Cancelled")) | G16: =IF($A16="","",COUNTIFS(Tasks!$F$5:$F$504,$A16,Tasks!$H$5:$H$504,"In Progress")) | H16: =IF($A16="","",COUNTIFS(Tasks!$F$5:$F$504,$A16,Tasks!$H$5:$H$504,"Blocked")) | I16: =IF($A16="","",COUNTIFS(Tasks!$F$5:$F$504,$A16,Tasks!$M$5:$M$504,"OVERDUE")) | J16: =IF($A16="","",COUNTIFS(Tasks!$F$5:$F$504,$A16,Tasks!$H$5:$H$504,"Done"))
F17: =IF($A17="","",COUNTIFS(Tasks!$F$5:$F$504,$A17)-COUNTIFS(Tasks!$F$5:$F$504,$A17,Tasks!$H$5:$H$504,"Done")-COUNTIFS(Tasks!$F$5:$F$504,$A17,Tasks!$H$5:$H$504,"Cancelled")) | G17: =IF($A17="","",COUNTIFS(Tasks!$F$5:$F$504,$A17,Tasks!$H$5:$H$504,"In Progress")) | H17: =IF($A17="","",COUNTIFS(Tasks!$F$5:$F$504,$A17,Tasks!$H$5:$H$504,"Blocked")) | I17: =IF($A17="","",COUNTIFS(Tasks!$F$5:$F$504,$A17,Tasks!$M$5:$M$504,"OVERDUE")) | J17: =IF($A17="","",COUNTIFS(Tasks!$F$5:$F$504,$A17,Tasks!$H$5:$H$504,"Done"))
F18: =IF($A18="","",COUNTIFS(Tasks!$F$5:$F$504,$A18)-COUNTIFS(Tasks!$F$5:$F$504,$A18,Tasks!$H$5:$H$504,"Done")-COUNTIFS(Tasks!$F$5:$F$504,$A18,Tasks!$H$5:$H$504,"Cancelled")) | G18: =IF($A18="","",COUNTIFS(Tasks!$F$5:$F$504,$A18,Tasks!$H$5:$H$504,"In Progress")) | H18: =IF($A18="","",COUNTIFS(Tasks!$F$5:$F$504,$A18,Tasks!$H$5:$H$504,"Blocked")) | I18: =IF($A18="","",COUNTIFS(Tasks!$F$5:$F$504,$A18,Tasks!$M$5:$M$504,"OVERDUE")) | J18: =IF($A18="","",COUNTIFS(Tasks!$F$5:$F$504,$A18,Tasks!$H$5:$H$504,"Done"))
F19: =IF($A19="","",COUNTIFS(Tasks!$F$5:$F$504,$A19)-COUNTIFS(Tasks!$F$5:$F$504,$A19,Tasks!$H$5:$H$504,"Done")-COUNTIFS(Tasks!$F$5:$F$504,$A19,Tasks!$H$5:$H$504,"Cancelled")) | G19: =IF($A19="","",COUNTIFS(Tasks!$F$5:$F$504,$A19,Tasks!$H$5:$H$504,"In Progress")) | H19: =IF($A19="","",COUNTIFS(Tasks!$F$5:$F$504,$A19,Tasks!$H$5:$H$504,"Blocked")) | I19: =IF($A19="","",COUNTIFS(Tasks!$F$5:$F$504,$A19,Tasks!$M$5:$M$504,"OVERDUE")) | J19: =IF($A19="","",COUNTIFS(Tasks!$F$5:$F$504,$A19,Tasks!$H$5:$H$504,"Done"))
F20: =IF($A20="","",COUNTIFS(Tasks!$F$5:$F$504,$A20)-COUNTIFS(Tasks!$F$5:$F$504,$A20,Tasks!$H$5:$H$504,"Done")-COUNTIFS(Tasks!$F$5:$F$504,$A20,Tasks!$H$5:$H$504,"Cancelled")) | G20: =IF($A20="","",COUNTIFS(Tasks!$F$5:$F$504,$A20,Tasks!$H$5:$H$504,"In Progress")) | H20: =IF($A20="","",COUNTIFS(Tasks!$F$5:$F$504,$A20,Tasks!$H$5:$H$504,"Blocked")) | I20: =IF($A20="","",COUNTIFS(Tasks!$F$5:$F$504,$A20,Tasks!$M$5:$M$504,"OVERDUE")) | J20: =IF($A20="","",COUNTIFS(Tasks!$F$5:$F$504,$A20,Tasks!$H$5:$H$504,"Done"))
F21: =IF($A21="","",COUNTIFS(Tasks!$F$5:$F$504,$A21)-COUNTIFS(Tasks!$F$5:$F$504,$A21,Tasks!$H$5:$H$504,"Done")-COUNTIFS(Tasks!$F$5:$F$504,$A21,Tasks!$H$5:$H$504,"Cancelled")) | G21: =IF($A21="","",COUNTIFS(Tasks!$F$5:$F$504,$A21,Tasks!$H$5:$H$504,"In Progress")) | H21: =IF($A21="","",COUNTIFS(Tasks!$F$5:$F$504,$A21,Tasks!$H$5:$H$504,"Blocked")) | I21: =IF($A21="","",COUNTIFS(Tasks!$F$5:$F$504,$A21,Tasks!$M$5:$M$504,"OVERDUE")) | J21: =IF($A21="","",COUNTIFS(Tasks!$F$5:$F$504,$A21,Tasks!$H$5:$H$504,"Done"))
... F54: =IF($A54="","",COUNTIFS(Tasks!$F$5:$F$504,$A54)-COUNTIFS(Tasks!$F$5:$F$504,$A54,Tasks!$H$5:$H$504,"Done")-COUNTIFS(Tasks!$F$5:$F$504,$A54,Tasks!$H$5:$H$504,"Cancelled")) | G54: =IF($A54="","",COUNTIFS(Tasks!$F$5:$F$504,$A54,Tasks!$H$5:$H$504,"In Progress")) | H54: =IF($A54="","",COUNTIFS(Tasks!$F$5:$F$504,$A54,Tasks!$H$5:$H$504,"Blocked")) | I54: =IF($A54="","",COUNTIFS(Tasks!$F$5:$F$504,$A54,Tasks!$M$5:$M$504,"OVERDUE")) | J54: =IF($A54="","",COUNTIFS(Tasks!$F$5:$F$504,$A54,Tasks!$H$5:$H$504,"Done"))

Sheet Releases
A1: Release Log
A2: Which BAR / version is in which environment. Append a row per deployment; newest at the bottom. Filter by Application + Environment to see what is live.
A4: Date | B4: Project ID | C4: Application / BAR | D4: Version | E4: Environment | F4: Node / Integration Server | G4: Deployed By | H4: Change Ref | I4: Result | J4: Notes
A5: 46270 | B5: PRJ-001 | C5: SAP_SFDC_OrderSync.bar | D5: 1.3.0 | E5: SIT | F5: ACENODE01 / SIT_IS01 | G5: Ravi Kumar | H5: CHG0041220 | I5: Success | J5: Sample row - replace
A6: 46276 | B6: PRJ-002 | C6: ACE fixpack 12.0.12.0 | D6: 12.0.12.0 | E6: UAT | F6: ACENODE02 / all servers | G6: Ravi Kumar | H6: CHG0041305 | I6: Success | J6: Sample row - replace
A7: 46278 | B7: PRJ-001 | C7: SAP_SFDC_OrderSync.bar | D7: 1.3.1 | E7: SIT | F7: ACENODE01 / SIT_IS01 | G7: Priya Nair | H7: CHG0041331 | I7: Failed | J7: Sample row - replace. BIP2087E on deploy, policy project missing; redeployed 1.3.1 same day

Sheet Lists
A1: Dropdown values. Edit these to change the vocabulary used across the workbook. Do not insert columns.
A3: Task Status | B3: Priority | C3: Project Status | D3: Project Type | E3: Task Category | F3: Environment | G3: RAG | H3: Deploy Result | J3: Setting | K3: Value
A4: Not Started | B4: Critical | C4: Initiation | D4: ACE Integration | E4: Design | F4: DEV | G4: Green | H4: Success | J4: My name (as used in Tasks > Assigned To) | K4: Phani
A5: In Progress | B5: High | C5: In Progress | D5: MQ | E5: Build | F5: SIT | G5: Amber | H5: Failed | J5: Dashboard 'due soon' window (days) | K5: 7
A6: On Hold | B6: Medium | C6: On Hold | D6: API Gateway | E6: Review | F6: UAT | G6: Red | H6: Rolled Back
A7: Blocked | B7: Low | C7: UAT | D7: Upgrade / Fixpack | E7: Testing | F7: PRE-PROD
A8: Done | C8: Go-Live | D8: BAU Support | E8: Deployment | F8: PROD
A9: Cancelled | C9: Closed | E9: Governance
E10: Meeting
E11: Support
